context_id,final_intent,final_object_type,final_relation_subtype,method_edge_type,normalized_section,resolved_cited_title,sentence_text,context_window_s3,evidence_span_phase2,problem_or_motivation_quote,usage_or_mechanism_quote,comparison_or_tradeoff_quote,phase2_confidence,rationale_short,report_comment
ctxr_029817e61e7e4ad94cd5,uses,software_or_tool,direct_use,uses_component,experiment,Brahmi-Net: A transliteration and script conversion system for languages of the {I}ndian subcontinent,"For a rule-based baseline, we used the script conversion method implemented in the Indic NLP Library 2 (Kunchukuttan et al., 2015) which is based on phonemic correspondences.","We ran Stage 2 for 5 iterations. For a rule-based baseline, we used the script conversion method implemented in the Indic NLP Library 2 (Kunchukuttan et al., 2015) which is based on phonemic correspondences.",we used the script conversion method implemented in the Indic NLP Library 2,,we used the script conversion method implemented in the Indic NLP Library 2,,0.95,The context explicitly states that the cited work is used as part of the baseline.,Representative uses label.
ctxr_0581f881766fb12110df,uses,model,component_use,uses_component,experiment,{G}lo{V}e: Global Vectors for Word Representation,"For parameters setups, we initialize the word embedding layer with 200-dimensional Glove embedding (Pennington et al., 2014) , where the Twitter version is used for our Twitter dataset, and the Common Crawl version is applied on the Reddit dataset 4 .","For parameters setups, we initialize the word embedding layer with 200-dimensional Glove embedding (Pennington et al., 2014) , where the Twitter version is used for our Twitter dataset, and the Common Crawl version is applied on the Reddit dataset 4 . Factor dimension for the RF part is set to 20, while for the CI part it is 100.",we initialize the word embedding layer with 200-dimensional Glove embedding,,we initialize the word embedding layer with 200-dimensional Glove embedding,,0.95,"The text indicates the use of GloVe embeddings to initialize the word embedding layer, indicating a 'uses' relationship with a 'component_use' subtype.",Representative uses label.
ctxr_0865456e2669aa88f1dc,uses,model,direct_use,uses_component,unknown,Unsupervised Cross-lingual Representation Learning at Scale,"For passage representation, we use the publicly available, pre-trained XLM-RoBERTa (Conneau et al., 2020) , a variant of BERT which removes the standard BERT architecture's next sentence prediction objective, alters the training regimen, and is trained on over 100 languages' text.","For passage representation, we use the publicly available, pre-trained XLM-RoBERTa (Conneau et al., 2020) , a variant of BERT which removes the standard BERT architecture's next sentence prediction objective, alters the training regimen, and is trained on over 100 languages' text. While we do not evaluate cross-or multi-lingual performance, XLM-RoBERTa's strong performance in downstream discriminative tasks across languages suggests an avenue for robustly generalizing our difficulty and proficiency estimation to other highresource languages.","we use the publicly available, pre-trained XLM-RoBERTa (Conneau et al., 2020)",,"For passage representation, we use the publicly available, pre-trained XLM-RoBERTa (Conneau et al., 2020)",,0.95,"The context explicitly states the use of XLM-RoBERTa for passage representation, indicating direct use of the model.",Representative uses label.
ctxr_0a5a0b09e1296c20a3c2,uses,model,direct_use,uses_component,experiment,{BERT}: Pre-training of Deep Bidirectional Transformers for Language Understanding,"We employed the uncased version of the BERT-base (Devlin et al., 2019) model in PyTorch (Wolf et al., 2020) 5 .","All hyper-parameters are tuned based on the development set 4 . We employed the uncased version of the BERT-base (Devlin et al., 2019) model in PyTorch (Wolf et al., 2020) 5 . Following previous conventions, we repeat each experiment three times and average the results, reporting accuracy (Acc.) and macro-f1 (F 1 ).","We employed the uncased version of the BERT-base (Devlin et al., 2019) model",,"We employed the uncased version of the BERT-base (Devlin et al., 2019) model",,0.95,"The context explicitly states the use of BERT, identifying a 'uses' relation with direct use as a component.",Representative uses label.
ctxr_0ae3798f1548bece0026,uses,model,direct_use,uses_component,model,{BERT}: Pre-training of Deep Bidirectional Transformers for Language Understanding,"We use the BERT-base model (Devlin et al., 2019) for our experiments.","We use the BERT-base model (Devlin et al., 2019) for our experiments. We add a dense output layer on top of the pretrained model for the purposes of finetuning, with a sigmoid cross entropy loss function to support multi-label classification.","We use the BERT-base model (Devlin et al., 2019) for our experiments.",,"We use the BERT-base model (Devlin et al., 2019) for our experiments.",,0.95,The citation explicitly states that the BERT-base model is used for experiments.,Representative uses label.
ctxr_0c6ba3134fb83d226d8a,uses,model,direct_use,uses_component,experiment,{BERT}: Pre-training of Deep Bidirectional Transformers for Language Understanding,"We use the base, uncased version of BERT (Devlin et al., 2019) for our experiments.","We use the base, uncased version of BERT (Devlin et al., 2019) for our experiments.","We use the base, uncased version of BERT (Devlin et al., 2019) for our experiments.",,"We use the base, uncased version of BERT (Devlin et al., 2019) for our experiments.",,0.95,"The sentence explicitly states the use of the BERT model, indicating direct use.",Representative uses label.
ctxr_15e5736df0fc602cbff5,uses,dataset_or_database,direct_use,not_method_related,experiment,Six Challenges for Neural Machine Translation,"In the first setting we use the dataset of Koehn and Knowles (2017) , training on the law, medical and IT datasets of the German-English OPUS corpus 3 (Tiedemann, 2012) .","We test both DDA-Shallow and DDA-Deep in two different data settings. In the first setting we use the dataset of Koehn and Knowles (2017) , training on the law, medical and IT datasets of the German-English OPUS corpus 3 (Tiedemann, 2012) . The standard splits contain 2K development and test sentences in each domain, and about 715K, 1M and 337K training sentences respectively.",we use the dataset of Koehn and Knowles (2017),,we use the dataset of Koehn and Knowles (2017),,0.95,"The paper explicitly states using the dataset from Koehn and Knowles (2017), indicating direct use.",Representative uses label.
ctxr_17336f71b826966f0758,uses,method,direct_use,uses_component,experiment,Statistical Significance Tests for Machine Translation Evaluation,"We applied bootstrap resampling (Koehn, 2004) to measure statistical significance, p < 0.05, of our models compared to a baseline.","Following previous work (Kalchbrenner and Blunsom, 2013; Sutskever et al., 2014; Bahdanau et al., 2015; Neubig et al., 2015) , we evaluated all neural models using test set perplexities and translation results, as well as in an additional re-ranking setting, using BLEU (Papineni et al., 2002) measure. We applied bootstrap resampling (Koehn, 2004) to measure statistical significance, p < 0.05, of our models compared to a baseline. For re-ranking, we generated 100-best translations using the baseline phrase-based model, to which we added log probability features from our neural models alongside all the features of the underlying phrase-based model.","We applied bootstrap resampling (Koehn, 2004) to measure statistical significance",,"We applied bootstrap resampling (Koehn, 2004) to measure statistical significance",,0.95,The text explicitly states the use of Koehn's bootstrap resampling method to measure statistical significance.,Representative uses label.
ctxr_1b9e99e8daa04ba02be2,uses,model,direct_use,uses_component,model,Opinion Mining with Deep Recurrent Neural Networks,"Network Architecture: We use a k-layer Bi-RNN, composed of k Bi-RNNs stacked, where the output of each such unit is the input to the next unit (Irsoy and Cardie, 2014) .","Network Architecture: We use a k-layer Bi-RNN, composed of k Bi-RNNs stacked, where the output of each such unit is the input to the next unit (Irsoy and Cardie, 2014) . A two-layer stack of Bi-LSTMs is employed for the purpose of experiments.",We use,,We use a k-layer Bi-RNN,,0.95,"The citation explicitly states the use of a Bi-RNN model, indicating direct use of the cited work's model.",Representative uses label.
ctxr_1fe0e9c321b56d37d0fb,uses,metric,direct_use,uses_component,experiment,{B}leu: a Method for Automatic Evaluation of Machine Translation,"As translation metrics, we use BLEU (Papineni et al., 2002) , as well as RIBES (Isozaki et al., 2010a) , which is similar to Kendall's τ , but evaluated on the target sentence E instead of the reordered sentence F .","As reordering metrics, we use Kendall's τ and chunk fragmentation comparing the system F and oracle F calculated with manually created alignments. As translation metrics, we use BLEU (Papineni et al., 2002) , as well as RIBES (Isozaki et al., 2010a) , which is similar to Kendall's τ , but evaluated on the target sentence E instead of the reordered sentence F . All scores are the average of three training runs to control for randomness in training (Clark et al., 2011) .","we use BLEU (Papineni et al., 2002)",,"we use BLEU (Papineni et al., 2002)",,0.95,"The context states 'we use BLEU', indicating direct use of the metric.",Representative uses label.
ctxr_057a0643b84b4b044be7,compares_against,model,compare_against,compares,unknown,Joint {POS} Tagging and Transition-based Constituent Parsing in {C}hinese with Non-local Features,"Although our system only utilizes some basic primitive units (in Table 1 (a)), it still outperforms Wang and Xue (2014)'s shiftreduce parsing system which uses more complex structural features and semi-supervised word cluster features.","Comparing our ""Pretrain-Finetune"" system with all the stateof-the-art systems, we see our system surpass all the other systems. Although our system only utilizes some basic primitive units (in Table 1 (a)), it still outperforms Wang and Xue (2014)'s shiftreduce parsing system which uses more complex structural features and semi-supervised word cluster features. Therefore, our model can simultaneously learn an effective feature representation and make accurate parsing predictions for Chinese.",outperforms Wang and Xue (2014)'s shiftreduce parsing system,,,outperforms Wang and Xue (2014)'s shiftreduce parsing system which uses more complex structural features and semi-supervised word cluster features,0.95,Direct comparison shows the current model outperforms the cited model.,Representative compares_against label.
ctxr_0a06bd39284330724107,compares_against,method,compare_against,compares,related_work,Deep Unordered Composition Rivals Syntactic Methods for Text Classification,"Compared to previous data augmentaion methods (Iyyer et al., 2015; Xie et al., 2017; Fadaee et al., 2017; Artetxe et al., 2018; Lample et al., 2018) , the soft smoothing method achieves more significant improvements.","Under the name of ""soft contextualized data augmentation"", the authors use an additional LM to give soft distributions across the vocabulary for randomly selected positions. Compared to previous data augmentaion methods (Iyyer et al., 2015; Xie et al., 2017; Fadaee et al., 2017; Artetxe et al., 2018; Lample et al., 2018) , the soft smoothing method achieves more significant improvements. The method is quickly adopted and motivates many interesting work, e.g. selecting words to ""smooth"" with dependency parsing (Duan et al., 2020), automatic repairing noisy synthetic parallel data (Cheng et al., 2020) , and distilling knowledge from BERT (Devlin et al., 2019) via ""text smoothing"" (Wu et al., 2020) .","Compared to previous data augmentaion methods (Iyyer et al., 2015; Xie et al., 2017; Fadaee et al., 2017; Artetxe et al., 2018; Lample et al., 2018) , the soft smoothing method achieves more significant improvements.",,,"Compared to previous data augmentaion methods (Iyyer et al., 2015; Xie et al., 2017; Fadaee et al., 2017; Artetxe et al., 2018; Lample et al., 2018) , the soft smoothing method achieves more significant improvements.",0.95,"The context explicitly compares the new method against those in the cited paper, indicating improved performance.",Representative compares_against label.
ctxr_130a9ae19e98a770ce61,compares_against,task,compare_against,compares,unknown,Find the word that does not belong: A Framework for an Intrinsic Evaluation of Word Vector Representations,"4 For comparison with Camacho-Collados and Navigli (2016) on outlier detection, we used the same training corpora: the UMBC (Han et al., 2013) and the English Wikipedia.","For our experiments, we used two popular word embeddings architectures: the Skip-Gram with negative sampling (Mikolov et al., 2013a,b) and the GloVe vectors (Pennington et al., 2014 ) (standard hyperparameter settings: 300 dimensions, Figure 1 : Comparison of weight per feature rank in AP Syn and AP SynP (p = 0.1) across feature ranks ranging from 1 to 300. context size of 10 and negative sampling). 4 For comparison with Camacho-Collados and Navigli (2016) on outlier detection, we used the same training corpora: the UMBC (Han et al., 2013) and the English Wikipedia. 5",For comparison with Camacho-Collados and Navigli (2016) on outlier detection,,,For comparison with Camacho-Collados and Navigli (2016) on outlier detection,0.95,The context specifies a comparison with the cited paper on the task of outlier detection.,Representative compares_against label.
ctxr_1709cf05d4e09b41c540,compares_against,model,compare_against,compares,unknown,{C}hinese {NER} Using Lattice {LSTM},"Compared with lattice LSTM (Zhang and Yang, 2018) , Our model gains a 0.91% improvement in F1 score.","Table 2 shows the results on OntoNotes. Compared with lattice LSTM (Zhang and Yang, 2018) , Our model gains a 0.91% improvement in F1 score. Compared with the best result (Yang et al., 2016) , our model doesn't rely on gold-standard segmentation, which is not available in the real world.","Compared with lattice LSTM (Zhang and Yang, 2018) , Our model gains a 0.91% improvement in F1 score.",,,"Compared with lattice LSTM (Zhang and Yang, 2018) , Our model gains a 0.91% improvement in F1 score.",0.95,"The context explicitly compares the cited model to the current model with a 0.91% improvement in F1 score, indicating a comparison.",Representative compares_against label.
ctxr_1e3ddda838dc293808b7,compares_against,method,compare_against,compares,related_work,Neural Word Segmentation Learning for {C}hinese,"According to (Huang and Zhao, 2007) and (Zhao et al., 2019) , CRF-based models (Tseng et al., 2005; Zhao and Kit, 2008; Zhao et al., 2010; Sun et al., 2012; Zhang et al., 2013) and neural methods (Zheng et al., 2013; Pei et al., 2014; Chen et al., 2015; Cai and Zhao, 2016; Cai et al., 2017) have been reported to outperform traditional methods with high F 1 scores (0.95-0.97).","Since Xue (2003) formalizes CWS as a sequence labeling problem, many traditional statistical methods have achieved high performance for CWS on several benchmarks (Emerson, 2005) . According to (Huang and Zhao, 2007) and (Zhao et al., 2019) , CRF-based models (Tseng et al., 2005; Zhao and Kit, 2008; Zhao et al., 2010; Sun et al., 2012; Zhang et al., 2013) and neural methods (Zheng et al., 2013; Pei et al., 2014; Chen et al., 2015; Cai and Zhao, 2016; Cai et al., 2017) have been reported to outperform traditional methods with high F 1 scores (0.95-0.97). In particular, Long Short-Term Memory Networks (LSTM) are the main backbone networks being used in these methods Ma et al., 2018; .",outperform traditional methods with high F 1 scores (0.95-0.97),,,outperform traditional methods with high F 1 scores (0.95-0.97),0.95,"The context suggests the cited work outperforms traditional methods, indicating a comparative evaluation.",Representative compares_against label.
ctxr_1ee7ab38516ce271fdcb,compares_against,metric,compare_against,compares,introduction,Annotation Artifacts in Natural Language Inference Data,"In natural language inference, models trained on hypotheses-only (vs hypotheses-premises) can outperform a majority-class baseline (Poliak et al., 2018; Gururangan et al., 2018) .","The same issues are also mentioned in terms like dataset bias, model robustness, and real understanding. In natural language inference, models trained on hypotheses-only (vs hypotheses-premises) can outperform a majority-class baseline (Poliak et al., 2018; Gururangan et al., 2018) . In reading comprehension, models trained on question-only or passage-only (vs question-passage) still achieve high accuracy (Kaushik and Lipton, 2018) , models predicted on a broken question (vs original question) still make the same correct prediction (Feng et al., 2018a) .",models trained on hypotheses-only (vs hypotheses-premises) can outperform a majority-class baseline,,,models trained on hypotheses-only (vs hypotheses-premises) can outperform a majority-class baseline,0.95,The context explicitly compares models trained on hypotheses-only against a majority-class baseline.,Representative compares_against label.
ctxr_234689812d596c7dea74,compares_against,model,compare_against,compares,experiment,Effective Approaches to Attention-based Neural Machine Translation,"We also implemented the following baseline models: standard sequence-to-sequence (Seq2Seq) models with and without attention (Luong et al., 2015) , and pointer to unknown (Ptr-Unk, Gulcehre et al. (2016) ).","We mainly compare Mem2Seq with hop 1,3,6 with several existing models: query-reduction networks (QRN, Seo et al. (2017)), end-toend memory networks (MemNN, Sukhbaatar et al. (2015)), and gated end-to-end memory networks (GMemNN, Liu and Perez (2017)). We also implemented the following baseline models: standard sequence-to-sequence (Seq2Seq) models with and without attention (Luong et al., 2015) , and pointer to unknown (Ptr-Unk, Gulcehre et al. (2016) ). Note that the results we listed in Table 3 and Table 4 for QRN are different from the original paper, because based on their released code, 3 we discovered that the per-response accuracy was not correctly computed. bAbI Dialog: In Table 3 , we follow Bordes and Weston (2017) to compare the performance based on per-response and per-dialog accuracy.",baseline models,,,baseline models,0.95,The citation context identifies the cited work as a baseline model in comparison.,Representative compares_against label.
ctxr_2b30e96c0fc2f95f2261,compares_against,dataset_or_database,compare_against,compares,results,"{SQ}u{AD}: 100,000+ Questions for Machine Comprehension of Text","On datasets such as SQuAD (Rajpurkar et al., 2016) , deep models typically works better than shallow ones.","We also compared the performances of shallow and deep TriAN models. On datasets such as SQuAD (Rajpurkar et al., 2016) , deep models typically works better than shallow ones. Notice that the attention layer in our proposed TriAN model can be stacked multiple times if we treat the output vectors of BiLSTMs as new input representations.",better than,,,better than,0.95,"The context compares deep models against shallow models using the SQuAD dataset, indicating comparison.",Representative compares_against label.
ctxr_2dcface91a1b153eb66b,compares_against,metric,compare_against,compares,evaluation,Transformation-Based Error-Driven Learning and Natural Language Processing: A Case Study in Part-of-Speech Tagging,"These results are not very promising when compared with Brill's results of English test corpora which have an accuracy of 96.5% trained on 88200 words (Brill, 1995:11) .","The results are given in the table below. These results are not very promising when compared with Brill's results of English test corpora which have an accuracy of 96.5% trained on 88200 words (Brill, 1995:11) . The difference in accuracy might depend on i) the type of the training corpus, ii) the type and the size of the test corpus, and iii) the type of language structure, such as morphology and syntax.",when compared with Brill's results,,,These results are not very promising when compared with Brill's results,0.95,The context explicitly compares the results with those of Brill's using accuracy as the metric.,Representative compares_against label.
ctxr_41419bc424e498be4762,compares_against,metric,compare_against,compares,unknown,{METEOR}: An Automatic Metric for {MT} Evaluation with High Levels of Correlation with Human Judgments,"Baselines We compare against a number of automatic evaluation metrics: ROUGE (Lin, 2004) , METEOR (Lavie and Agarwal, 2007) , BLEU (Papineni et al., 2002) , and BERTScore (Zhang et al., 2019) .","Baselines We compare against a number of automatic evaluation metrics: ROUGE (Lin, 2004) , METEOR (Lavie and Agarwal, 2007) , BLEU (Papineni et al., 2002) , and BERTScore (Zhang et al., 2019) . The latter uses BERT representations to compute an alignment between generation and reference tokens, and which is then used to compute a soft version of unigram F1.",We compare against,,,"We compare against a number of automatic evaluation metrics: ROUGE (Lin, 2004) , METEOR (Lavie and Agarwal, 2007) , BLEU (Papineni et al., 2002) , and BERTScore (Zhang et al., 2019) .",0.95,"The text explicitly states comparison against METEOR, indicating a compares_against intent with the metric as the object type.",Representative compares_against label.
ctxr_067cc4e8c2aba789ff3d,extends,method,adapt_to_domain,adapts,unknown,A Hierarchical Reinforced Sequence Operation Method for Unsupervised Text Style Transfer,"Specifically, we adapt the Mask-And-Infill (M&I) framework of Wu et al. (2019b) .","Specifically, we adapt the Mask-And-Infill (M&I) framework of Wu et al. (2019b) . We perform Step 1 by training a Bi-LSTM sentiment classifier and masking words whose attention weight is above average.",we adapt,,we adapt the Mask-And-Infill (M&I) framework of Wu et al. (2019b),,0.95,"The sentence explicitly states that the current paper adapts the cited framework, indicating an extension.",Representative extends label.
ctxr_0f53597b80557e0be88d,extends,model,improve,extends,introduction,Learning to Generate Market Comments from Stock Prices,"In this study, we extend Murakami et al. (2017) 's model with a new architecture to solve the problem due to the noisy alignments.","To deal with these inconsistencies, the models have to be aware of these possible mismatch of data and text due to the delay, but a simple encoder-decoder-based 2017, which does not tell the difference between the event and delivery times, may perform an undesirable generalization between data and text. In this study, we extend Murakami et al. (2017) 's model with a new architecture to solve the problem due to the noisy alignments. The presented architecture is a multi-timestep architecture, which employs multiple input vectors to compensate the lack of information about the actual event time, treating it as a hidden variable and learning the correspondences from the ambiguous data.",we extend Murakami et al. (2017) 's model with a new architecture,solve the problem due to the noisy alignments,extend Murakami et al. (2017) 's model with a new architecture,,0.95,The sentence explicitly states that the current study extends the model proposed by Murakami et al. (2017) to improve its handling of noisy alignments.,Representative extends label.
ctxr_130cdd073e7799d5cfc4,extends,claim_or_finding,improve,extends,introduction,Synchronous Grammars as Tree Transducers,We generalize the result of Shieber (2004) and prove that every weighted tree transformation that is computable by an STSG can also be computed by a weighted bimorphism and vice versa.,It is this difference that motivates us to add states to STSG. We generalize the result of Shieber (2004) and prove that every weighted tree transformation that is computable by an STSG can also be computed by a weighted bimorphism and vice versa.,We generalize the result of Shieber (2004),It is this difference that motivates us to add states to STSG.,We generalize the result of Shieber (2004) and prove that every weighted tree transformation that is computable by an STSG can also be computed by a weighted bimorphism and vice versa.,,0.95,"The citation indicates that the paper generalizes and extends the findings of Shieber (2004), as they prove a related result.",Representative extends label.
ctxr_16aafc484da2ab9e7a6e,extends,model,adapt_to_domain,extends,related_work,Neural Architectures for Named Entity Recognition,Here we modify the LSTM model proposed by Lample et al. (2016) by augmenting the network with 'crowd worker vectors'.,"Recent work has considered end-to-end neural architectures that learn features, e.g., Convolutional Neural Networks (CNNs) (Collobert et al., 2011; Kim, 2014; Zhang and Wallace, 2015) and LSTMs (Lample et al., 2016) . Here we modify the LSTM model proposed by Lample et al. (2016) by augmenting the network with 'crowd worker vectors'. Crowdsourcing.",we modify the LSTM model proposed by Lample et al. (2016) by augmenting the network with 'crowd worker vectors',,we modify the LSTM model proposed by Lample et al. (2016) by augmenting the network with 'crowd worker vectors',,0.95,"The text explicitly states that the paper modifies the LSTM model from Lample et al. (2016) by augmenting it with additional vectors, indicating an extension.",Representative extends label.
ctxr_1851438b2ade2411fd14,extends,method,improve,extends,abstract,{S}heffield Submissions for the {WMT}18 Quality Estimation Shared Task,"We start with a model similar to Shef-bRNN (Ive et al., 2018), which we modify by using conditional random fields (CRFs) (Lafferty et al., 2001) for sequence labelling.","We explore different model architectures for the WMT 19 shared task on word-level quality estimation of automatic translation. We start with a model similar to Shef-bRNN (Ive et al., 2018), which we modify by using conditional random fields (CRFs) (Lafferty et al., 2001) for sequence labelling. Additionally, we use a different approach for labelling gaps and source words.",we modify,,"We start with a model similar to Shef-bRNN (Ive et al., 2018), which we modify by using conditional random fields (CRFs)",,0.95,"The citing paper explicitly states modifying a model from the cited work, indicating an extends relationship.",Representative extends label.
ctxr_1be0513a97e479bdad6d,extends,model,improve,extends,unknown,"{J}ane: Open Source Hierarchical Translation, Extended with Reordering and Lexicon Models","We extend the hierarchical phrase-based system with a jump model as proposed by Vilar et al. (2010) , to permit jumps across whole blocks of symbols, and to facilitate a less restricted placement of phrases within the target sequence.","We extend the hierarchical phrase-based system with a jump model as proposed by Vilar et al. (2010) , to permit jumps across whole blocks of symbols, and to facilitate a less restricted placement of phrases within the target sequence. The model is made up of additional, non-lexicalized rules and a distance-based jump cost, and allows for constrained reorderings.",We extend the hierarchical phrase-based system with a jump model as proposed by Vilar et al. (2010),,We extend the hierarchical phrase-based system with a jump model as proposed by Vilar et al. (2010),,0.95,"The context clearly states that the authors extend the system with a model proposed by Vilar et al., indicating improvement or enhancement.",Representative extends label.
ctxr_2439e75e266291063265,extends,unknown,improve,extends,related_work,A Distant Supervision Approach to Semantic Role Labeling,The contributions of this paper are the following: (1) We extend Exner et al. (2015) by including pronouns and other linguistic units that in a local context exhibit the characteristics of entities.,The contributions of this paper are the following: (1) We extend Exner et al. (2015) by including pronouns and other linguistic units that in a local context exhibit the characteristics of entities. 2We present and evaluate two methods for aligning sentences by using entities.,We extend Exner et al. (2015) by including pronouns and other linguistic units that in a local context exhibit the characteristics of entities.,,We extend Exner et al. (2015) by including pronouns and other linguistic units that in a local context exhibit the characteristics of entities.,,0.95,"The text explicitly mentions extending Exner et al. (2015) by including additional linguistic units, indicating an extension.",Representative extends label.
ctxr_30a17b5153131ab4d7ee,extends,method,adapt_to_domain,adapts,related_work,Statistical Phrase-Based Translation,"In this work, we adapt the phrase-based MT technique of Koehn et al. (2003) for the medical text normalisation task.","Koehn et al. (2003) showed that a phrase-based MT technique markedly outperformed traditional wordbased MT techniques on several benchmarks. In this work, we adapt the phrase-based MT technique of Koehn et al. (2003) for the medical text normalisation task. In particular, we use the phrase-based MT technique to translate phrases from Twitter language to formal medical language, before mapping the translated phrases to medical concepts based on the ranked similarity of their word vector representations.",we adapt the phrase-based MT technique of Koehn et al. (2003) for the medical text normalisation task,,we adapt the phrase-based MT technique of Koehn et al. (2003) for the medical text normalisation task,,0.95,"The cited method is adapted for a new domain (medical text normalization), indicating an 'extends' function.",Representative extends label.
ctxr_33f0d2b790d07bf5f2f9,extends,model,adapt_to_domain,extends,introduction,Few-Shot and Zero-Shot Multi-Label Learning for Structured Label Spaces,"To demonstrate its efficacy, we adapt the model as a sub-module to several existing neural architectures (Rios and Kavuluru, 2018; Chalkidis et al., 2019) for multilabel few/zero-shot learning.","In this paper, we present a simple but effective multi-graph knowledge aggregation model that can transform and fuse the structural information from multiple label graphs while utilising three kinds of semantics: the pre-trained word embeddings, label description, and the label relations. To demonstrate its efficacy, we adapt the model as a sub-module to several existing neural architectures (Rios and Kavuluru, 2018; Chalkidis et al., 2019) for multilabel few/zero-shot learning. However, this model can work as a self-contained module and be flexibly adapted to most existing multi-label learning models Li and Yu, 2020) that use GCNs to leverage the label structures.","we adapt the model as a sub-module to several existing neural architectures (Rios and Kavuluru, 2018; Chalkidis et al., 2019)",,adapt the model as a sub-module,,0.95,"The context states the model is adapted as a sub-module, which aligns with 'extends' and 'adapt_to_domain' for a model.",Representative extends label.
ctxr_390e2fc8261ca0c6b458,extends,software_or_tool,adapt_to_domain,extends,analysis,{T}wit{IE}: An Open-Source Information Extraction Pipeline for Microblog Text,"In order to deal with the noisy text of Twitter we made use of the GATE application TwitIE (Bontcheva et al., 2013) where we modified the normaliser, adding new abbreviations, new slang words, removing URLs and changing the normalisation rules.","In order to deal with the noisy text of Twitter we made use of the GATE application TwitIE (Bontcheva et al., 2013) where we modified the normaliser, adding new abbreviations, new slang words, removing URLs and changing the normalisation rules. Besides the tweet normalisation we also employed TwitIE for tokenisation, Part of Speech tagging and lemmatisation.","we made use of the GATE application TwitIE (Bontcheva et al., 2013) where we modified the normaliser, adding new abbreviations, new slang words, removing URLs and changing the normalisation rules",In order to deal with the noisy text of Twitter,"we modified the normaliser, adding new abbreviations, new slang words, removing URLs and changing the normalisation rules",,0.95,"The context describes modifying TwitIE for specific needs, indicating extension.",Representative extends label.
ctxr_cbb9aa03e48b2fb3292b,critiques,metric,critique_limitation,not_method_related,introduction,{METEOR}: An Automatic Metric for {MT} Evaluation with High Levels of Correlation with Human Judgments,"Common evaluation metrics for summarization based on n-gram overlap -BLEU, ROUGE, and METEOR (Papineni et al., 2002; Lin, 2004; Lavie and Agarwal, 2007) -are insufficient to measure the factual correctness of summaries and fail to correlate with the human judgements of factuality (Falke et al., 2019; Kryscinski et al., 2019) .","Common evaluation metrics for summarization based on n-gram overlap -BLEU, ROUGE, and METEOR (Papineni et al., 2002; Lin, 2004; Lavie and Agarwal, 2007) -are insufficient to measure the factual correctness of summaries and fail to correlate with the human judgements of factuality (Falke et al., 2019; Kryscinski et al., 2019) . More recent metrics proposed to improve the evaluation of summarization factuality (Kryscinski et al., 2020; Durmus et al., 2020; Wang et al., 2020; Maynez et al., 2020 ) cannot be compared due to the lack of common benchmarks.",are insufficient to measure the factual correctness of summaries and fail to correlate with the human judgements of factuality,"Common evaluation metrics for summarization based on n-gram overlap -BLEU, ROUGE, and METEOR (Papineni et al., 2002; Lin, 2004; Lavie and Agarwal, 2007) -are insufficient to measure the factual correctness of summaries and fail to correlate with the human judgements of factuality",,,0.95,"The citation critiques METEOR as insufficient for measuring factual correctness and correlating with human judgments, indicating a limitation.",Representative critiques label.
ctxr_eb90d69a4c5f541b8d90,critiques,model,critique_limitation,not_method_related,related_work,Neural Responding Machine for Short-Text Conversation,"Generation-based methods can be cast as a sequence to sequence (Seq2Seq) process (Shang et al., 2015; Vinyals and Le, 2015; Sordoni et al., 2015) but suffers from generating generic responses.","Based on that, Yang et al. (2018) propose a deep matching network which could model external knowledge. Generation-based methods can be cast as a sequence to sequence (Seq2Seq) process (Shang et al., 2015; Vinyals and Le, 2015; Sordoni et al., 2015) but suffers from generating generic responses. One way to address the problem is to introduce new content into responses, such as keywords (Mou et al., 2016; Serban et al., 2017a) , topic information and knowledge triples (Zhou et al., 2018) .",but suffers from generating generic responses,,,but suffers from generating generic responses,0.95,"The citation critiques the Seq2Seq model for generating generic responses, indicating a limitation.",Representative critiques label.
ctxr_0e3b11d024d678db41b5,critiques,unknown,critique_limitation,not_method_related,unknown,Learning to Recognize Discontiguous Entities,"Existing approaches for discontinuous NER either suffer from high time complexity (McDonald et al., 2005) or ambiguity in translating intermediate representations into mentions (Tang et al., 2013a; Metke-Jimenez and Karimi, 2016; Muis and Lu, 2016) .","Recognizing discontinuous mentions is particularly challenging as exhaustive enumeration of possible mentions, including discontinuous and overlapping spans, is exponential in sentence length. Existing approaches for discontinuous NER either suffer from high time complexity (McDonald et al., 2005) or ambiguity in translating intermediate representations into mentions (Tang et al., 2013a; Metke-Jimenez and Karimi, 2016; Muis and Lu, 2016) . In addition, current art uses traditional approaches that rely on manually designed features, which are tailored to recognize specific entity types.",suffer from high time complexity,Existing approaches for discontinuous NER either suffer from high time complexity,,,0.9,"The text critiques existing approaches by highlighting limitations, such as high time complexity, which includes the cited paper.",Representative critiques label.
ctxr_1123dbd90d341a02edd9,critiques,model,critique_limitation,compares,conclusion,Learning Semantic Correspondences with Less Supervision,"In particular, we showed that our alignments provide a better foundation for learning accurate semantic parsers and tactical generators compared to those of Liang et al. (2009) , whose generative model is limited by a simple bag-of-words assumption.","Our approach also learns competitive semantic parsers and improved language generators compared to previous methods. In particular, we showed that our alignments provide a better foundation for learning accurate semantic parsers and tactical generators compared to those of Liang et al. (2009) , whose generative model is limited by a simple bag-of-words assumption.",model is limited by a simple bag-of-words assumption,,,provide a better foundation for learning accurate semantic parsers and tactical generators compared to those of Liang et al. (2009),0.9,The context explicitly critiques the cited model's limitation with a bag-of-words assumption and compares it to the current method's improvements.,Representative critiques label.
ctxr_1ef75bebe5b23d890b46,critiques,method,critique_limitation,compares,introduction,Combining Distributional and Morphological Information for Part of Speech Induction,"While there has been much prior work on this task (Brown et al., 1992; Clark, 2003; Christodoulopoulos et al., 2010; Toutanova and Johnson, 2008; Goldwater and Griffiths, 2007; Blunsom and Cohn, 2011) , a common thread in many of these works is that models based on a Hidden Markov Model (HMM) graphical structure suffer from a tendency to assign too many different tags to the tokens of a given word type.","Research on the unsupervised induction of partof-speech (PoS) tags has the potential to improve both our understanding of the plausibility of theories of first language acquisition, and Natural Language Processing applications such as Speech Recognition and Machine Translation. While there has been much prior work on this task (Brown et al., 1992; Clark, 2003; Christodoulopoulos et al., 2010; Toutanova and Johnson, 2008; Goldwater and Griffiths, 2007; Blunsom and Cohn, 2011) , a common thread in many of these works is that models based on a Hidden Markov Model (HMM) graphical structure suffer from a tendency to assign too many different tags to the tokens of a given word type. Models which restrict word types to only occur with a single tag show a significant increase in performance, even though this restriction is clearly at odds with the gold standard labeling (Brown et al., 1992; Clark, 2003; Blunsom and Cohn, 2011) .",structure suffer from,,,suffer from a tendency to assign too many different tags,0.9,"The citation critiques the HMM method for its tendency to assign too many tags, indicating a limitation.",Representative critiques label.
ctxr_241cc2936aae386e9ae1,critiques,metric,critique_limitation,compares,results,The limits of automatic summarisation according to {ROUGE},"We focus on evaluating the fluency and faithfulness since the ROUGE score often fails to quan- tify them (Schluter, 2017; Cao et al., 2018) .","Human evaluation: We further perform a human evaluation to assess the model generations. We focus on evaluating the fluency and faithfulness since the ROUGE score often fails to quan- tify them (Schluter, 2017; Cao et al., 2018) . 100 random source-target pairs are sampled from the human-written DUC 2004 data for task 1&2 (Over et al., 2007) .",ROUGE score often fails to quan- tify,,,ROUGE score often fails to quan- tify,0.9,The citation critiques the ROUGE metric by highlighting its failure to quantify certain aspects.,Representative critiques label.
ctxr_258abb25726472eaa382,critiques,unknown,critique_limitation,background,introduction,Relation Classification via Convolutional Deep Neural Network,"These approaches are broadly divided into two categories: one explores the effectiveness of using dependency paths and its attached subtrees between two nominals, and various neural networks are adopted to model the shortest dependency paths and dependency subtrees (Xu et al., 2015a; Xu et al., 2015b; Liu et al., 2015) ; the other exploits deep neural networks to learn syntactic and semantic features from raw sentences (Zeng et al., 2014; Dos Santos et al., 2015; Zhang et al., 2015) , which has been proved effective, but inevitably suffers from irrelevant parts.","Recently, neural network approaches have been widely used for relation classification, which aim at reducing the need of hand-crafted features. These approaches are broadly divided into two categories: one explores the effectiveness of using dependency paths and its attached subtrees between two nominals, and various neural networks are adopted to model the shortest dependency paths and dependency subtrees (Xu et al., 2015a; Xu et al., 2015b; Liu et al., 2015) ; the other exploits deep neural networks to learn syntactic and semantic features from raw sentences (Zeng et al., 2014; Dos Santos et al., 2015; Zhang et al., 2015) , which has been proved effective, but inevitably suffers from irrelevant parts. Our paper introduces an attentive neural network that selectively focuses on useful information on raw sentences.",inevitably suffers from irrelevant parts,,exploits deep neural networks to learn syntactic and semantic features from raw sentences,,0.9,The context critiques the limitation of the cited method by mentioning it 'inevitably suffers from irrelevant parts.',Representative critiques label.
ctxr_29b42a500e791a0f85bc,critiques,claim_or_finding,critique_limitation,compares,unknown,Modeling and Predicting Quality in Spoken Human-Computer Interaction,"As Schmitt et al. (2011) model the sequential character of the data only indirectly by designing special features, our approach applies Markovian modeling to directly model temporal dependencies.","As Schmitt et al. (2011) model the sequential character of the data only indirectly by designing special features, our approach applies Markovian modeling to directly model temporal dependencies. Temporal dependencies on previous system-user-exchanges are not taken into account by Schmitt et al.; only parameters derived from the current exchange are used.",Temporal dependencies on previous system-user-exchanges are not taken into account by Schmitt et al.; only parameters derived from the current exchange are used.,,,only parameters derived from the current exchange are used,0.9,The evidence critiques Schmitt et al. (2011) for not modeling temporal dependencies on previous exchanges.,Representative critiques label.
ctxr_381ee2a3ae40454f0860,critiques,model,critique_limitation,background,introduction,Dealing with Co-reference in Neural Semantic Parsing,"Neural sequence-to-sequence models, which do very well on string-to-tree parsing (Vinyals et al., 2014) , can be applied to AMRs but face the challenge that graphs cannot easily be represented as sequences (van Noord and Bos, 2017a,b) .","For instance, grammar-based approaches (Peng et al., 2015; Artzi et al., 2015) require the induction of a grammar from the training corpus, which is hard because graphs can be decomposed into smaller pieces in far more ways than trees. Neural sequence-to-sequence models, which do very well on string-to-tree parsing (Vinyals et al., 2014) , can be applied to AMRs but face the challenge that graphs cannot easily be represented as sequences (van Noord and Bos, 2017a,b) .",graphs cannot easily be represented as sequences,graphs cannot easily be represented as sequences,,,0.9,"The context highlights a limitation of seq2seq models for AMRs as discussed by van Noord and Bos, showing a critique of their applicability.",Representative critiques label.
ctxr_3cea582456e41b707687,critiques,dataset_or_database,critique_limitation,not_method_related,introduction,Movie-{D}i{C}: a Movie Dialogue Corpus for Research and Development,"However, these are monolingual data which cannot used for MT (Danescu-Niculescu-Mizil and Lee, 2011; Banchs, 2012; Walker et al., 2012; Schmitt et al., 2012) .","Other work focuses on mining the internal structure in dialogue data from movie scripts. However, these are monolingual data which cannot used for MT (Danescu-Niculescu-Mizil and Lee, 2011; Banchs, 2012; Walker et al., 2012; Schmitt et al., 2012) . In general, the fact is that bilingual subtitles are ideal resources to extract parallel sentence-level utterances, and movie scripts contain rich information such as dialogue boundaries and speaker tags.",which cannot,"However, these are monolingual data which cannot used for MT",,,0.9,"The context critiques the monolingual nature of the data, implying a limitation for MT.",Representative critiques label.
ctxr_21981d48f6ad54f23ad9,applies,method,adapt_to_domain,uses_component,unknown,A Comparison of Update Strategies for Large-Scale Maximum Expected {BLEU} Training,"For the WMT 2015 German→English task, we applied discriminative maximum expected BLEU training as described by Wuebker et al. (2015) .","In our baseline translation system the phrase tables were extracted from word alignments and the probabilities were estimated as relative frequencies, which is still the state-of-the-art for many standard SMT systems. For the WMT 2015 German→English task, we applied discriminative maximum expected BLEU training as described by Wuebker et al. (2015) . The expected BLEU objective function is optimized with the resilient backpropagation algorithm (RPROP) (Riedmiller and Braun, 1993) .",we applied discriminative maximum expected BLEU training as described by Wuebker et al. (2015),,we applied discriminative maximum expected BLEU training as described by Wuebker et al. (2015),,0.95,The context describes how the paper applies the method from Wuebker et al. (2015) to a specific task.,Representative applies label.
ctxr_4e53d00bce9075088fd6,applies,method,adapt_to_domain,adapts,introduction,Enhancing Unsupervised Generative Dependency Parser with Contextual Information,"We applied our adaptation method to two stateof-the-art unsupervised syntactic dependency parsing models: Neural Conditional Random Field Autoencoder (NCRFAE, Li and Tu (2020) ) and Variational Variant of Discriminative Neural Dependency Model with Valences (V-DNDMV, Han et al. (2019) ).","We applied our adaptation method to two stateof-the-art unsupervised syntactic dependency parsing models: Neural Conditional Random Field Autoencoder (NCRFAE, Li and Tu (2020) ) and Variational Variant of Discriminative Neural Dependency Model with Valences (V-DNDMV, Han et al. (2019) ). In our experiments, the adapted models performs better than the baseline on both RST Discourse Treebank (RST-DT, Carlson et al. (2001) ) and SciDTB (Yang and Li, 2018) in the unsupervised setting.",We applied our adaptation method to,,We applied our adaptation method to,"In our experiments, the adapted models performs better than the baseline",0.95,"The citation indicates the application of an adaptation method to the cited model, implying adaptation to a domain.",Representative applies label.
ctxr_6b5d06a6348580fd7e1a,applies,benchmark_or_protocol,direct_use,not_method_related,unknown,Findings of the 2016 Conference on Machine Translation,"We apply our paraphrastic rewriter to the WMT 2016 Turkish-English translation task (Bojar et al., 2016b) .","We apply our paraphrastic rewriter to the WMT 2016 Turkish-English translation task (Bojar et al., 2016b) . We see no improvement in English to Turkish translation, but see a 1.1 BLEU improvement when training an initial NMT system on half paraphrased and half original data, and continued training on the original data.","We apply our paraphrastic rewriter to the WMT 2016 Turkish-English translation task (Bojar et al., 2016b)",,We apply our paraphrastic rewriter to,,0.95,"The citation shows the application of a method to a task, directly using the WMT 2016 as a benchmark.",Representative applies label.
ctxr_a48bcd0565cd4fe94fe0,applies,dataset_or_database,direct_use,not_method_related,unknown,A large annotated corpus for learning natural language inference,"We apply our strategy to the SNLI corpus (Bowman et al., 2015) , which consists of classifying premise-hypothesis sentence pairs into entailment, contradiction or neutral relations.","We apply our strategy to the SNLI corpus (Bowman et al., 2015) , which consists of classifying premise-hypothesis sentence pairs into entailment, contradiction or neutral relations. In this case, for each pair (x P , x H ), the running sum is over two latent distributions over parse trees, i.e.,",We apply our strategy to the SNLI corpus,,We apply our strategy to the SNLI corpus,,0.95,"The text explicitly states the application of a strategy to the SNLI dataset, indicating use in a specific domain context.",Representative applies label.
ctxr_a5feae13adf4c04f0117,applies,software_or_tool,adapt_to_domain,adapts,task_definition,{NLTK}: The Natural Language Toolkit,"For notes in an admission, we apply sentence and word tokenizers in the NLTK toolkit to each note (Loper and Bird, 2002) .","Representing notes. For notes in an admission, we apply sentence and word tokenizers in the NLTK toolkit to each note (Loper and Bird, 2002) . See §2.3 for details on how we use tokenized outcomes for different machine learning models.",we apply sentence and word tokenizers in the NLTK toolkit to,,we apply sentence and word tokenizers in the NLTK toolkit to,,0.95,"The text explicitly states 'we apply' NLTK, indicating the use of tokenizers from this toolkit for a specific task.",Representative applies label.
ctxr_d25812207831e6db1056,applies,method,direct_use,uses_component,unknown,A Decomposable Attention Model for Natural Language Inference,"We apply co-attention mechanism (Parikh et al., 2016) to model the estimator f EST .","We apply co-attention mechanism (Parikh et al., 2016) to model the estimator f EST . Firstly, we capture the semantic alignment between the source sentence x and the translation z","We apply co-attention mechanism (Parikh et al., 2016) to",,"We apply co-attention mechanism (Parikh et al., 2016) to model the estimator f EST .",,0.95,The citation explicitly states that the paper applies the co-attention mechanism from the cited work.,Representative applies label.
ctxr_00e750efc9066f68949e,applies,method,adapt_to_domain,adapts,related_work,Statistical Acquisition of Content Selection Rules for Natural Language Generation,"In recent work, Duboue and McKeown (2003) propose a method for learning a content planner from a collection of texts together with a domain-specific knowledge base, but our method applies to domains in which no such knowledge base has been supplied.","In recent work, Duboue and McKeown (2003) propose a method for learning a content planner from a collection of texts together with a domain-specific knowledge base, but our method applies to domains in which no such knowledge base has been supplied.",our method applies to domains in which no such knowledge base has been supplied,,our method applies to domains in which no such knowledge base has been supplied,,0.9,"The context shows the current paper applying their method to domains without a knowledge base, differing from the cited work's domain.",Representative applies label.
ctxr_1e31f6058954c13bf66b,applies,software_or_tool,adapt_to_domain,adapts,abstract,Multiple Sequence Alignment for Characterizing the Lineal Structure of Revision,"In this study we apply and evaluate an iterative pairwise alignment program for producing multiple sequence alignments, ALPHAMALIG (Alonso et al., 2004), using as material the phonetic transcriptions of words used in Bulgarian dialectological research.","In this study we apply and evaluate an iterative pairwise alignment program for producing multiple sequence alignments, ALPHAMALIG (Alonso et al., 2004), using as material the phonetic transcriptions of words used in Bulgarian dialectological research. To evaluate the quality of the multiple alignment, we propose two new methods based on comparing each column in the obtained alignments with the corresponding column in a set of gold standard alignments.","we apply and evaluate an iterative pairwise alignment program for producing multiple sequence alignments, ALPHAMALIG (Alonso et al., 2004), using as material the phonetic transcriptions of words used in Bulgarian dialectological research.",,"we apply and evaluate an iterative pairwise alignment program for producing multiple sequence alignments, ALPHAMALIG",,0.9,"The context clearly states the application of the ALPHAMALIG tool for a specific task, indicating adaptation to a new domain.",Representative applies label.
ctxr_2954d083606676f0af0a,applies,software_or_tool,adapt_to_domain,uses_component,unknown,Incorporating Non-local Information into Information Extraction Systems by {G}ibbs Sampling,"If this does not lead to any OTE candidate, our system applies named entity recognition, looking for references to organization and location entities, using Stanford NER tool (Finkel et al., 2005; Manning et al., 2014) .","If any of the targets already known (e.g. restaurant name, or meal) appears in the sentence text, next to a verb or adjective, it is chosen as the OTE. If this does not lead to any OTE candidate, our system applies named entity recognition, looking for references to organization and location entities, using Stanford NER tool (Finkel et al., 2005; Manning et al., 2014) . Having found one OTE, through the catalog or by NER, its text and position are marked in slot 2.","our system applies named entity recognition, looking for references to organization and location entities, using Stanford NER tool (Finkel et al., 2005; Manning et al., 2014)",,"our system applies named entity recognition, looking for references to organization and location entities, using Stanford NER tool (Finkel et al., 2005; Manning et al., 2014)",,0.9,"The sentence explicitly states the use of Stanford NER as a tool applied in the current study for a specific task, indicating 'applies' with 'adapt_to_domain' as the reasoning.",Representative applies label.
ctxr_35a6c44e9151bf493019,applies,method,adapt_to_domain,adapts,dataset,Intelligent Selection of Language Model Training Data,"We applied cross-entropy filtering (Moore and Lewis, 2010) to the German Common Crawl corpus performing the following steps:","We applied cross-entropy filtering (Moore and Lewis, 2010) to the German Common Crawl corpus performing the following steps:","We applied cross-entropy filtering (Moore and Lewis, 2010) to",,"We applied cross-entropy filtering (Moore and Lewis, 2010) to the German Common Crawl corpus",,0.9,"The citing paper applies the cross-entropy filtering method from Moore and Lewis (2010) to a specific dataset, indicating application and adaptation.",Representative applies label.
ctxr_00875fa4a23fdd57cf72,background,model,none,background,introduction,Constituency Parsing with a Self-Attentive Encoder,"Our model follows the encoder-decoder architecture commonly used in state-of-the-art neural parsing models (Kitaev and Klein, 2018; Kiperwasser and Goldberg, 2016b; Cross and Huang, 2016; Chen and Manning, 2014) .","Our model follows the encoder-decoder architecture commonly used in state-of-the-art neural parsing models (Kitaev and Klein, 2018; Kiperwasser and Goldberg, 2016b; Cross and Huang, 2016; Chen and Manning, 2014) . However, we propose a very simple decoder architecture that relies only on a recursive attention mechanism of the encoded latent representation.","Our model follows the encoder-decoder architecture commonly used in state-of-the-art neural parsing models (Kitaev and Klein, 2018; Kiperwasser and Goldberg, 2016b; Cross and Huang, 2016; Chen and Manning, 2014)",,Our model follows the encoder-decoder architecture commonly used in state-of-the-art neural parsing models,,0.95,The context describes common architecture usage; hence labeled as background.,Representative background label.
ctxr_5fc029aac0763676ad55,background,model,none,background,introduction,Aspect Based Sentiment Analysis with Gated Convolutional Networks,"Many neural models composed of a taskagnostic pre-trained word embedding layer and task-specific neural architecture have been proposed for the original ABSA task (i.e. the aspectlevel sentiment classification) (Tang et al., 2016; Wang et al., 2016; Chen et al., 2017; Liu and Zhang, 2017; Ma et al., 2017 Ma et al., , 2018b Majumder et al., 2018; He et al., 2018; Xue and Li, 2018; Wang et al., 2018; Fan et al., 2018; Huang and Carley, 2018; Li et al., 2019b) 2 , but the improvement of these models measured by the accuracy or F1 score has reached a bottleneck.","Many neural models composed of a taskagnostic pre-trained word embedding layer and task-specific neural architecture have been proposed for the original ABSA task (i.e. the aspectlevel sentiment classification) (Tang et al., 2016; Wang et al., 2016; Chen et al., 2017; Liu and Zhang, 2017; Ma et al., 2017 Ma et al., , 2018b Majumder et al., 2018; He et al., 2018; Xue and Li, 2018; Wang et al., 2018; Fan et al., 2018; Huang and Carley, 2018; Li et al., 2019b) 2 , but the improvement of these models measured by the accuracy or F1 score has reached a bottleneck. One reason is that the task-agnostic embedding layer, usually a linear layer initialized with Word2Vec (Mikolov et al., 2013) or GloVe (Pennington et al., 2014) , only provides context-independent word-level features, which is insufficient for capturing the complex semantic dependencies in the sentence.",proposed,improvement of these models measured by the accuracy or F1 score has reached a bottleneck.,,,0.95,"The citation is used as background information, mentioning proposed models for a task without specific usage, comparison, or critique.",Representative background label.
ctxr_643a459fb88e262d2f1a,background,model,none,background,introduction,{LXMERT}: Learning Cross-Modality Encoder Representations from Transformers,"Researchers develop models by joining features, aligning representation spaces, and using Transformers (Li et al., 2019b; Tan and Bansal, 2019) .","There are many recent efforts to build such multimodality datasets (Lin et al., 2014; Krishna et al., 2017; Antol et al., 2015; Suhr et al., 2017; Goyal et al., 2017; Suhr et al., 2018) . Researchers develop models by joining features, aligning representation spaces, and using Transformers (Li et al., 2019b; Tan and Bansal, 2019) . However, generalizability is still an issue when operating on unobserved data.","Researchers develop models by joining features, aligning representation spaces, and using Transformers (Li et al., 2019b; Tan and Bansal, 2019)",,,,0.95,"The context describes general practices in model development using Transformers, implying background information.",Representative background label.
ctxr_6b779a4ac64ef47e0720,background,method,none,background,related_work,Neural Architectures for Named Entity Recognition,"Many other studies used recurrent neural networks (RNNs) instead of CNNs to encode the input and a CRF for the prediction (Ma and Hovy, 2016; Lample et al., 2016) .","For example, Collobert et al. (2011) introduced a neural architecture that uses convolutional neural networks (CNNs) to encode tokens combined with a CRF layer for the classification. Many other studies used recurrent neural networks (RNNs) instead of CNNs to encode the input and a CRF for the prediction (Ma and Hovy, 2016; Lample et al., 2016) . With the recent rise of pre-trained language models, recent NER models typically make use of contextdependent embeddings such as ELMo (Peters et al., 2018) or BERT (Devlin et al., 2019) .",used recurrent neural networks (RNNs) instead of CNNs to encode the input and a CRF for the prediction,,used recurrent neural networks (RNNs) instead of CNNs,,0.95,"The citation describes the use of RNNs and CRFs without indicating current use, extension, or critique, fitting the background label.",Representative background label.
ctxr_7d754ed8685648580091,background,task,none,background,unknown,Entropy-based Training Data Selection for Domain Adaptation,"For CWS, we follow the convention in previous CWS studies (Sun and Xu, 2011; Song et al., 2012; Song and Xia, 2013; Zhang et al., 2016; Qiu et al., 2019) to regard it as a sequence labeling task with the ""BIES"" scheme.","For CWS, we follow the convention in previous CWS studies (Sun and Xu, 2011; Song et al., 2012; Song and Xia, 2013; Zhang et al., 2016; Qiu et al., 2019) to regard it as a sequence labeling task with the ""BIES"" scheme. We select four well-know models, namely, BiLSTM, BERT (Devlin et al., 2019) , ZEN (Diao et al., 2020) , and WMSeg (Tian et al., 2020d) with softmax and CRF decoder.",we follow the convention in previous CWS studies,,we follow the convention in previous CWS studies,,0.95,"The context indicates following a general task convention from past studies, fitting the background label.",Representative background label.
ctxr_994d1a84539d88a91b90,background,method,none,background,model,Model Transfer for Tagging Low-resource Languages using a Bilingual Dictionary,"Instead, we use a constrained CRF (Bellare and McCallum, 2007) , which computes the loss only for annotated tokens by marginalizing the un-annotated tokens, as has been used by prior token-level AL models (Fang and Cohn, 2017; Chaudhary et al., 2019) as well.","Because we acquire token-level annotations, we cannot directly use the traditional CRF, which expects a fully labeled sequence. Instead, we use a constrained CRF (Bellare and McCallum, 2007) , which computes the loss only for annotated tokens by marginalizing the un-annotated tokens, as has been used by prior token-level AL models (Fang and Cohn, 2017; Chaudhary et al., 2019) as well. Given an input sequence x and a label sequence y, traditional CRF computes the likelihood as follows:","as has been used by prior token-level AL models (Fang and Cohn, 2017; Chaudhary et al., 2019)",,"Instead, we use a constrained CRF (Bellare and McCallum, 2007) , which computes the loss only for annotated tokens by marginalizing the un-annotated tokens, as has been used by prior token-level AL models (Fang and Cohn, 2017; Chaudhary et al., 2019) as well.",,0.95,"The context indicates prior use of the constrained CRF by the cited work, which is background information, not a direct usage by the current paper.",Representative background label.
ctxr_bbaebf6e21f330cbc738,background,benchmark_or_protocol,none,background,dataset,A Local Detection Approach for Named Entity Recognition and Mention Detection,"NER: For NER task, we use the public CoNLL-2003 dataset as in (Lample et al., 2016; Chiu and Nichols, 2016; Ma and Hovy, 2016; Xu et al., 2017; Huang et al., 2015) .","There are totally 127 slot tags. NER: For NER task, we use the public CoNLL-2003 dataset as in (Lample et al., 2016; Chiu and Nichols, 2016; Ma and Hovy, 2016; Xu et al., 2017; Huang et al., 2015) . The training set contains 14,987 sentences, and the test dataset contains 3,684 sentences.","as in (Lample et al., 2016; Chiu and Nichols, 2016; Ma and Hovy, 2016; Xu et al., 2017; Huang et al., 2015)",,,,0.95,The citation is used to provide background on the use of the CoNLL-2003 dataset in previous works.,Representative background label.
ctxr_c36189daec4d58bcc72f,background,metric,none,background,introduction,Automatic Text Scoring Using Neural Networks,"Many DNN-AES models have been proposed and have achieved high accuracy (Alikaniotis et al., 2016; Taghipour and Ng, 2016; Dasgupta et al., 2018; Farag et al., 2018; Jin et al., 2018; Mesgar and Strube, 2018; Wang et al., 2018; Mim et al., 2019; Nadeem et al., 2019; Uto and Okano, 2020) .","To obviate the need for feature engineering, a neural-network approach that automatically extracts features using deep neural networks (DNNs) has recently attracted attention. Many DNN-AES models have been proposed and have achieved high accuracy (Alikaniotis et al., 2016; Taghipour and Ng, 2016; Dasgupta et al., 2018; Farag et al., 2018; Jin et al., 2018; Mesgar and Strube, 2018; Wang et al., 2018; Mim et al., 2019; Nadeem et al., 2019; Uto and Okano, 2020) .","Many DNN-AES models have been proposed and have achieved high accuracy (Alikaniotis et al., 2016;",,,,0.95,"The citation describes past work achieving high accuracy without any specific use or extension, fitting the background label.",Representative background label.
ctxr_07650b607a41f4a94908,background,unknown,none,background,unknown,Entity-Centric Coreference Resolution with Model Stacking,"As the performance of coreference models has substantially improved (Clark and Manning, 2015; Clark and Manning, 2016; Lee et al., 2017; Kantor and Globerson, 2019) in recent years, more attention is being devoted to more complex aspects of anaphoric reference-from the pronouns that require commonsense knowledge for their resolution studied in the Winograd Schema Challenge (Rahman and Ng, 2012; Peng et al., 2015) to pronouns that cannot be resolved purely on the basis of gender (Webster et al., 2018) .","1 Introduction (Identity) anaphora resolution (coreference) is the linguistic task of linking nominal expressions (mentions) to entities in the discourse, so that mentions representing the same entity are grouped together in a 'coreference chain' (Poesio et al., 2016) . As the performance of coreference models has substantially improved (Clark and Manning, 2015; Clark and Manning, 2016; Lee et al., 2017; Kantor and Globerson, 2019) in recent years, more attention is being devoted to more complex aspects of anaphoric reference-from the pronouns that require commonsense knowledge for their resolution studied in the Winograd Schema Challenge (Rahman and Ng, 2012; Peng et al., 2015) to pronouns that cannot be resolved purely on the basis of gender (Webster et al., 2018) . Another limitation of state of the art systems is the assumption that anaphors can only have one antecedent.","As the performance of coreference models has substantially improved (Clark and Manning, 2015; Clark and Manning, 2016; Lee et al., 2017; Kantor and Globerson, 2019)",,,As the performance of coreference models has substantially improved,0.9,The citation is used to show background improvement in coreference models.,Representative background label.
ctxr_0ee1245a978ffbb7a5f6,background,dataset_or_database,none,background,unknown,Neural Metaphor Detection in Context,"We train a metaphor detection classifier based on the VUA corpus (Steen et al., 2010; Gao et al., 2018) 2 .","We train a metaphor detection classifier based on the VUA corpus (Steen et al., 2010; Gao et al., 2018) 2 . To better generalize to external data via recent contextual models, we skip using model by Gao et al. (2018) , and instead learn a classifier C met bert by finetuning the bert-base-uncased (Devlin et al., 2018) checkpoint from Wolf et al. (2019) .","based on the VUA corpus (Steen et al., 2010; Gao et al., 2018)",,"based on the VUA corpus (Steen et al., 2010; Gao et al., 2018)",,0.9,"The paper mentions training a classifier 'based on' the VUA corpus, indicating background use of the dataset.",Representative background label.
ctxr_97d7b630afa246025e57,compares_against,model,compare_against,compares,introduction,Knowledge-Enriched Transformer for Emotion Detection in Textual Conversations,"Compared to the recently published works on ERC (Chen et al., 2018; Zhou et al., 2018; Qin et al., 2020; Zhong et al., 2019; Zhang et al., 2019) , both lexicon-based (Wu et al., 2006; Mohammad and Turney, 2010; Shaheen et al., 2014) and modern deep learning-based (Kratzwald et al., 2018; Colneriĉ and Demsar, 2018) vanilla emotion recognition approaches fail to work well on ERC datasets as this work ignores the conversation specific factors such as the presence of contextual cues, the temporality in speakers' turns, or speaker-specific information.","This context can be attributed to the preceding utterances, and relies on the temporal sequence of utterances. Compared to the recently published works on ERC (Chen et al., 2018; Zhou et al., 2018; Qin et al., 2020; Zhong et al., 2019; Zhang et al., 2019) , both lexicon-based (Wu et al., 2006; Mohammad and Turney, 2010; Shaheen et al., 2014) and modern deep learning-based (Kratzwald et al., 2018; Colneriĉ and Demsar, 2018) vanilla emotion recognition approaches fail to work well on ERC datasets as this work ignores the conversation specific factors such as the presence of contextual cues, the temporality in speakers' turns, or speaker-specific information.","Compared to the recently published works on ERC (Chen et al., 2018; Zhou et al., 2018; Qin et al., 2020; Zhong et al., 2019; Zhang et al., 2019) , both lexicon-based (Wu et al., 2006; Mohammad and Turney, 2010; Shaheen et al., 2014) and modern deep learning-based (Kratzwald et al., 2018; Colneriĉ and Demsar, 2018) vanilla emotion recognition approaches fail to work well on ERC datasets as this work ignores the conversation specific factors",,,"Compared to the recently published works on ERC (Chen et al., 2018; Zhou et al., 2018; Qin et al., 2020; Zhong et al., 2019; Zhang et al., 2019) , both lexicon-based (Wu et al., 2006; Mohammad and Turney, 2010; Shaheen et al., 2014) and modern deep learning-based (Kratzwald et al., 2018; Colneriĉ and Demsar, 2018) vanilla emotion recognition approaches fail to work well on ERC datasets",0.9,"The citation contrasts the performance of various models, including Zhong et al., against other approaches, indicating a comparison.",Remaining failed row: cited_title_only_object_rejected; cited-title-only object type cannot be used as direct evidence
ctxr_fe6c93581c049b7293eb,compares_against,metric,compare_against,compares,results,Sentence Mover{'}s Similarity: Automatic Evaluation for Multi-Sentence Texts,"Furthermore, recognizing the limitation of ROUGE scores in their ability to fully capture the resemblance between the generated summary and the reference, in Table 2, we follow (Fabbri et al., 2020) to compare model performances with additional met- rics, including ROUGE-Word Embedding (Ng and Abrecht, 2015) , BERTScore (Zhang et al., 2019b) , MoverScore (Zhao et al., 2019) , Sentence Mover's Similarity (SMS) (Clark et al., 2019) , BLEU (Papineni et al., 2002) , and CIDEr (Vedantam et al., 2015) .","This suggests that the sketching step helps generate a more fluent summary even with lower unigram matching. Furthermore, recognizing the limitation of ROUGE scores in their ability to fully capture the resemblance between the generated summary and the reference, in Table 2, we follow (Fabbri et al., 2020) to compare model performances with additional met- rics, including ROUGE-Word Embedding (Ng and Abrecht, 2015) , BERTScore (Zhang et al., 2019b) , MoverScore (Zhao et al., 2019) , Sentence Mover's Similarity (SMS) (Clark et al., 2019) , BLEU (Papineni et al., 2002) , and CIDEr (Vedantam et al., 2015) . As shown in Table 2 , CODS consistently outperforms PEGASUS and BART.","compare model performances with additional metrics, including ... Sentence Mover's Similarity (SMS) (Clark et al., 2019)",recognizing the limitation of ROUGE scores,,"compare model performances with additional metrics, including ... Sentence Mover's Similarity (SMS) (Clark et al., 2019)",0.9,"The context indicates a comparison of Sentence Mover's Similarity (SMS) against other metrics, fitting the 'compares_against' intent.",Remaining failed row: evidence_span_not_substring; evidence_span is not an exact substring of evidence fields
ctxr_004aee8a00d8284e80c1,uses,method,combine_with,background,unknown,Statistical Phrase-Based Translation,"We use the GIZA++ toolkit (Al-Onaizan et al., 1999) to estimate the parameters of IBM Model 4 (Brown et al., 1993) , and combine the forward and backward Viterbi alignments to obtain many-tomany word alignments as described in Koehn et al. (2003) .","We estimate the bilingual word co-occurrence matrix Σ from an unsupervised, automatic word alignment induced over the parallel training corpus P. We use the GIZA++ toolkit (Al-Onaizan et al., 1999) to estimate the parameters of IBM Model 4 (Brown et al., 1993) , and combine the forward and backward Viterbi alignments to obtain many-tomany word alignments as described in Koehn et al. (2003) . The (m, n) th entry Σ m,n of this matrix is the number of times source word s m aligns to target word t n in P.",combine the forward and backward Viterbi alignments to obtain many-to-many word alignments as described in Koehn et al. (2003),,We use the GIZA++ toolkit...combine the forward and backward Viterbi alignments to obtain many-to-many word alignments as described in Koehn et al. (2003),,0.9,"The context shows the authors using a combination method involving Koehn et al. (2003), indicating 'uses' and 'combine_with' as the label.",Remaining failed row: evidence_span_not_substring; evidence_span is not an exact substring of evidence fields
ctxr_01dfe9c1d79e5b737aec,uses,software_or_tool,direct_use,uses_component,implementation,Transformers: State-of-the-Art Natural Language Processing,"Besides our own code, we use open-sourced third-party libraries including Matplotlib (Caswell et al., 2020), Numpy (Harris et al., 2020) , Pandas, Pronto, Scikit-learn (Pedregosa et al., 2011) , Transformers (Wolf et al., 2020) , Tensorboard, Pytorch (Paszke et al., 2019) (v1.7, CUDA 10 .1), Tqdm, Xmltodict.","The data processing and model are developed by Python 3.6. Besides our own code, we use open-sourced third-party libraries including Matplotlib (Caswell et al., 2020), Numpy (Harris et al., 2020) , Pandas, Pronto, Scikit-learn (Pedregosa et al., 2011) , Transformers (Wolf et al., 2020) , Tensorboard, Pytorch (Paszke et al., 2019) (v1.7, CUDA 10 .1), Tqdm, Xmltodict. The number of learnable parameters is close to a BERT-base model.","we use open-sourced third-party libraries including ... Transformers (Wolf et al., 2020)",,"we use open-sourced third-party libraries including ... Transformers (Wolf et al., 2020)",,0.95,"The paper explicitly states the use of 'Transformers' library, indicating direct use.",Remaining failed row: evidence_span_not_substring; evidence_span is not an exact substring of evidence fields
ctxr_363efd3c3ba0c73a9cc2,background,software_or_tool,none,background,background,"Learning Accurate, Compact, and Interpretable Tree Annotation","The parser can be used with a reimplemented version of Hockenmaier & Steedman's (2002) generative model or with the Berkeley parser (Petrov et al., 2006; Fowler and Penn, 2010) ; in this paper we use the Hockenmaier & Steedman model.","It comes with a broad coverage English grammar extracted from a version of the CCGbank (Hockenmaier and Steedman, 2007) enhanced to include (inter alia) assignment of consistent semantic roles across diathesis alternations (Boxwell and , using PropBank (Palmer et al., 2005) . The parser can be used with a reimplemented version of Hockenmaier & Steedman's (2002) generative model or with the Berkeley parser (Petrov et al., 2006; Fowler and Penn, 2010) ; in this paper we use the Hockenmaier & Steedman model. The outputs of the parser-and the inputs to the realizer-are semantic dependency graphs, or logical forms, examples of which are given in the next section.","The parser can be used with ... the Berkeley parser (Petrov et al., 2006; Fowler and Penn, 2010)",,,,0.85,The context describes the use of the Berkeley parser as a background option without focusing on its implementation or improvement.,Remaining failed row: evidence_span_not_substring; evidence_span is not an exact substring of evidence fields
